{"loss": [6.905259132385254, 3.710829257965088, 3.639775514602661, 3.4609174728393555, 3.1421961784362793, 2.674466848373413, 2.114222526550293, 1.5176793336868286, 1.0516268014907837, 0.7122743725776672, 0.5312755107879639, 0.4394225478172302, 0.2963158190250397, 0.29009929299354553, 0.32108381390571594, 0.2520323693752289, 0.23434054851531982, 0.21970877051353455, 0.2117740511894226, 0.20725242793560028, 0.21870677173137665, 0.1717424839735031, 0.18246927857398987, 0.15432457625865936, 0.17595669627189636, 0.16619126498699188, 0.21830160915851593, 0.18868649005889893, 0.20635774731636047, 0.16968053579330444], "accuracy": [0.03756019100546837, 0.034991975873708725, 0.04301765561103821, 0.0847512036561966, 0.14735151827335358, 0.26292136311531067, 0.400642067193985, 0.5701444745063782, 0.6985553503036499, 0.7987158894538879, 0.8487961292266846, 0.8879614472389221, 0.9184590578079224, 0.9261637330055237, 0.9258427023887634, 0.9354735016822815, 0.9438202381134033, 0.9467094540596008, 0.9495987296104431, 0.9556982517242432, 0.9502407908439636, 0.9611557126045227, 0.9579454064369202, 0.9605136513710022, 0.9653290510177612, 0.9617977738380432, 0.9592295289039612, 0.966292142868042, 0.9640449285507202, 0.966292142868042], "val_loss": [3.5705771446228027, 3.542719841003418, 3.6014602184295654, 3.188699722290039, 2.8256235122680664, 1.6787700653076172, 1.0422298908233643, 0.5285740494728088, 0.528933048248291, 0.4063848853111267, 0.43429917097091675, 0.3937532603740692, 1.0024150609970093, 0.5303707718849182, 1.0501623153686523, 0.526219367980957, 0.44896748661994934, 0.5878012180328369, 0.44451239705085754, 0.5341492295265198, 0.5818886160850525, 0.5750929117202759, 0.6631579995155334, 0.84825599193573, 0.7322992086410522, 0.6072330474853516, 0.8185598850250244, 0.6370639801025391, 0.6131737232208252, 0.554390549659729], "val_accuracy": [0.04273504391312599, 0.07692307978868484, 0.0655270665884018, 0.2421652376651764, 0.21367521584033966, 0.5498575568199158, 0.6951566934585571, 0.8888888955116272, 0.8974359035491943, 0.9230769276618958, 0.9230769276618958, 0.9373219609260559, 0.8660968542098999, 0.94017094373703, 0.8404558300971985, 0.9544159770011902, 0.9572649598121643, 0.9316239356994629, 0.9544159770011902, 0.9572649598121643, 0.9515669345855713, 0.9544159770011902, 0.9572649598121643, 0.9316239356994629, 0.9316239356994629, 0.9544159770011902, 0.9572649598121643, 0.9515669345855713, 0.9487179517745972, 0.9572649598121643]}